4354,ORL,BOS,PG,7.495,10,0,0,0,0,9.4
4646,ORL,BOS,SG,10.93,10,0,-2.845,2.815,0,18.7
4888,ORL,BOS,C,13.845,10,0,-2.035,-0.81,0,20.6
4897,ORL,BOS,C,35.44,30,0,1.37,-1.81,0,21.4
5014,ORL,BOS,SF,21.325,16,0,6.085,-1.01,0,26.1
5054,ORL,BOS,SG,25.005,20,0,4.105,-1.41,0,28.2
5295,ORL,BOS,PF,26.485,20,0,-2.765,-2.52,0,60.2
5321,ORL,BOS,PG,35.03,31,0,10.085,-5.415,0,47.3
5465,ORL,BOS,SF,12.95,10,0,-8.675,3.125,0,6.7
3944,BOS,ORL,SF,9.9,10,0,0,0,1,6
3982,BOS,ORL,PF,18.44,10,0,14.75,0.21,1,22
4245,BOS,ORL,C,33.21,27,0,3.73,-2.94,1,28.8
4644,BOS,ORL,SF,7.31,10,0,3.365,-2.475,1,13.6
4942,BOS,ORL,PG,41.215,46,1,-5.76,-3.555,1,52.1
5068,BOS,ORL,SF,28.165,23,0,13.62,-1.585,1,29
5164,BOS,ORL,PF,15.655,11,0,-4.935,1.18,1,19.3
5317,BOS,ORL,PG,24.81,18,0,4.91,-5.12,1,21.9
5476,BOS,ORL,PG,9.315,10,0,-9.785,1.67,1,20.2
5602,BOS,ORL,SF,19.465,10,0,5.94,-8.005,1,15.6
3845,DET,MIL,PG,12.47,10,0,7.28,-2.15,0,32.2
4800,DET,MIL,PG,28.44,16,0,-1.21,2.37,0,27.3
4895,DET,MIL,SF,24.485,20,0,-8.4,-0.585,0,20.8
4901,DET,MIL,PF,25.115,21,0,5.33,2.755,0,37.9
4922,DET,MIL,PF,19.07,11,0,-5.3,0.03,0,20
5015,DET,MIL,C,33.825,30,1,-3.035,2.81,0,31.6
5150,DET,MIL,C,15.27,10,0,0.75,-0.52,0,11
5159,DET,MIL,SG,22.89,17,0,11.385,-2.275,0,33.6
5468,DET,MIL,SF,12.145,10,0,2.535,-2.28,0,8.4
3333,MIL,DET,SG,15.385,10,0,-0.295,-2.99,1,1.7
4288,MIL,DET,PF,3.955,10,0,1.42,7.725,1,13.8
4388,MIL,DET,PF,15.285,16,0,0,0,1,13.8
4722,MIL,DET,C,27.96,18,0,-0.015,-1.845,1,14.2
5073,MIL,DET,SF,30.13,28,0,-9.29,-0.34,1,39.5
5095,MIL,DET,PF,13.715,10,0,2.855,-0.27,1,3.5
5185,MIL,DET,PF,42.615,52,1,-10.33,1.815,1,60.3
5190,MIL,DET,SG,17.525,10,0,14.255,0.32,1,10.3
5249,MIL,DET,SG,18.36,10,0,0.015,-3.775,1,20.1
5477,MIL,DET,SG,7.61,10,0,0,0,1,10.5
5641,MIL,DET,C,8.715,10,0,5.175,-1.49,1,28.4
3380,SA,OKC,SG,16.275,10,0,2.83,0.995,0,26.8
3513,SA,OKC,C,24.5,19,0,-6.855,2.155,0,31.8
3527,SA,OKC,PG,18.055,10,0,-16.64,3.285,0,9.2
3956,SA,OKC,PF,14.795,10,0,-8.17,2.575,0,21.1
4130,SA,OKC,PF,34.085,31,0,-4.52,0.835,0,35
4651,SA,OKC,SG,17.505,10,0,0.175,1.72,0,8.2
4660,SA,OKC,PG,17.545,12,0,5.65,1.205,0,17.1
4896,SA,OKC,SF,44.33,50,1,-0.78,3.65,0,51.6
5256,SA,OKC,C,14.77,10,0,10.805,-0.975,0,4
5341,SA,OKC,SG,9.23,10,0,8.695,-4.625,0,8.4
4390,OKC,SA,PG,59.825,64,1,7.615,-0.84,1,61
4899,OKC,SA,C,22.48,19,0,-17.01,-0.07,1,19.5
5153,OKC,SA,SG,27.24,22,0,5.505,-0.445,1,22.9
5163,OKC,SA,C,20.315,17,0,2.17,-0.785,1,22.9
5196,OKC,SA,SF,17.67,11,0,0.68,-1.75,1,26.4
5202,OKC,SA,SG,10.87,10,0,-9.675,0.205,1,6
5322,OKC,SA,SF,3.92,10,0,2.005,3.975,1,4
5350,OKC,SA,SF,9.925,10,0,1.055,-1.78,1,3.5
5366,OKC,SA,PG,6.9,10,0,-2.085,1.285,1,6.7
5642,OKC,SA,PF,7.465,10,0,-7.165,2.6,1,13.8
3860,HOU,GS,SF,27.72,19,0,6.345,0.735,0,21.9
3971,HOU,GS,PG,26.685,21,0,-3.895,-0.69,0,26.4
4469,HOU,GS,SG,23.385,16,0,-9.21,1.625,0,22.4
4563,HOU,GS,PG,57.47,62,1,-6.8,2.53,0,40.4
4647,HOU,GS,SG,22.27,17,0,-11.95,3.38,0,19.1
5336,HOU,GS,C,26.785,17,0,0.905,1.71,0,29.8
5478,HOU,GS,SF,14.74,10,0,-6.15,2.91,0,16.5
5492,HOU,GS,C,15.78,10,0,0,0,0,21.3
3643,GS,HOU,SF,17.865,10,0,-12.845,0.18,1,17.4
3721,GS,HOU,PF,15.64,10,0,3.52,-2.06,1,12.1
3745,GS,HOU,C,14.625,10,0,-6.92,-0.105,1,3.2
3821,GS,HOU,PG,10.895,10,0,9.7,0.605,1,13.6
3826,GS,HOU,SG,23.99,11,0,2.44,1.27,1,38.5
4480,GS,HOU,C,10.345,10,0,-1.935,-1.21,1,27.8
4612,GS,HOU,PG,46.625,51,1,6.025,1.35,1,43.9
4892,GS,HOU,SG,38.615,32,0,3.4,-1.015,1,42.6
5069,GS,HOU,PF,36.43,38,0,0.14,3.73,1,30.2
5237,GS,HOU,PG,13.225,10,0,-10.88,-0.345,1,8.9
4301,DEN,CHA,PF,27.56,29,0,-23.1,4.94,0,7.2
4468,DEN,CHA,SF,27.25,25,0,-12.12,2.87,0,31
4904,DEN,CHA,PF,19.855,16,0,-1.96,-3.495,0,38.6
5192,DEN,CHA,C,17.26,18,0,4.115,2.325,0,6.8
5330,DEN,CHA,SG,28.695,21,0,-12.51,-2.185,0,31
5352,DEN,CHA,C,41.68,46,1,-19.475,3.395,0,55.6
5638,DEN,CHA,PG,16.605,10,0,2.25,0.345,0,19.3
5646,DEN,CHA,SF,8.995,10,0,0,0,0,7.6
3928,CHA,DEN,PF,28.215,26,0,-10.44,0.125,1,35.6
4296,CHA,DEN,SF,18.41,10,0,2.69,-2.8,1,11.5
4487,CHA,DEN,SG,29.82,27,0,-19.72,5.3,1,34
4890,CHA,DEN,PG,40.955,41,1,-1.465,-0.39,1,49.6
5008,CHA,DEN,SF,22.91,15,0,-0.48,-0.73,1,31.9
5018,CHA,DEN,SG,12.465,10,0,11.875,0.76,1,21.5
5060,CHA,DEN,C,5.625,10,0,0,0,1,7.6
5155,CHA,DEN,C,25.265,14,0,-13.02,1.955,1,30.3
5469,CHA,DEN,PF,23.375,24,0,6.165,0.76,1,32.4
3252,DAL,MEM,PF,27.76,22,0,-8.5,0.84,0,28.4
3822,DAL,MEM,SG,10.045,10,0,11.55,2.605,0,16.4
4203,DAL,MEM,SG,15.99,10,0,8.12,1.09,0,23.7
4694,DAL,MEM,SG,22.6,18,0,4.955,-0.755,0,28.6
5013,DAL,MEM,SF,25.13,24,0,-14.05,2.82,0,18.3
5157,DAL,MEM,C,21.5,18,0,10.7,4.9,0,20.2
5536,DAL,MEM,C,9.96,10,0,9.5,-9.96,0,14.8
5693,DAL,MEM,SF,6.785,10,0,-4.185,0.1,0,3.6
5720,DAL,MEM,PG,14.285,10,0,15.25,0.265,0,7.2
3248,MEM,DAL,SF,20.64,10,0,-7.58,1.24,1,21.6
3531,MEM,DAL,PF,30.235,20,0,7.605,1.16,1,40.9
3842,MEM,DAL,SG,19.995,11,0,-6.4,1.805,1,13.5
4246,MEM,DAL,PG,37.475,38,1,-1.01,1.135,1,45
4286,MEM,DAL,C,20.59,10,0,1.975,-6.165,1,15.8
5220,MEM,DAL,SF,17.545,10,0,-10.285,-2.16,1,19.9
5282,MEM,DAL,SG,12.25,10,0,-0.1,1.95,1,30.1
5662,MEM,DAL,PF,2.625,10,0,0,-2.625,1,4.4
5319,PHI,CLE,SG,20.975,10,0,-1.56,0.885,0,23.3
5323,PHI,CLE,PF,34.085,36,1,-4.945,3.26,0,15.3
5481,PHI,CLE,PF,18.515,10,0,6.78,-2.895,0,29.5
5497,PHI,CLE,C,29.805,18,0,-8.265,-0.54,0,31.4
5582,PHI,CLE,PG,29.78,18,0,-0.745,1.365,0,27.1
5655,PHI,CLE,SG,20.075,10,0,18.7,-3.475,0,25.3
5725,PHI,CLE,C,18.245,10,0,-17.605,6.46,0,23.8
3704,CLE,PHI,SF,50.335,57,1,-11.335,-2.4,1,53.3
3835,CLE,PHI,SG,18.25,10,0,-7.275,-0.175,1,26.3
3929,CLE,PHI,PG,15.035,10,0,4.4,-15.035,1,6.9
3934,CLE,PHI,PF,16.855,10,0,3.53,-5.785,1,13.2
4391,CLE,PHI,PF,35.575,36,0,-8.22,-1.455,1,38.5
4840,CLE,PHI,PG,39.51,43,0,-26.87,-1.04,1,42.2
4883,CLE,PHI,SF,2.79,10,0,4.4,-2.79,1,6.9
4884,CLE,PHI,C,23.3,14,0,1.195,-4.095,1,22.2
4898,CLE,PHI,SF,14.79,10,0,0,0,1,13.3
5685,CLE,PHI,PG,2.55,10,0,7.7,-2.55,1,3.5
3844,NY,MIA,SG,1.7,10,0,0,-1.7,0,24.6
4484,NY,MIA,SG,18.935,13,0,4.24,1.225,0,30.3
5083,NY,MIA,C,15.59,10,0,-5.77,-2.62,0,19.3
5142,NY,MIA,SG,16.1,10,0,-2.475,-1.225,0,21.8
5464,NY,MIA,PF,37.26,33,1,14.875,-3.535,0,33.9
5495,NY,MIA,C,26.75,18,0,0.645,-1.395,0,27.4
5704,NY,MIA,PG,17.195,10,0,-1.495,-5.5,0,26.1
5706,NY,MIA,PG,6.38,10,0,-1,-6.38,0,11.4
4507,MIA,NY,PG,35.875,33,0,7.645,-3.22,1,31.1
4621,MIA,NY,PF,27.845,24,0,-6.66,1.515,1,21.8
4633,MIA,NY,SG,13.14,10,0,-11.82,1.08,1,11.4
4731,MIA,NY,PF,10.61,10,0,2.095,0.495,1,5.5
4764,MIA,NY,C,37.96,37,1,-5.805,-1.855,1,37.2
5146,MIA,NY,C,15.485,10,0,-0.125,-0.96,1,6
5270,MIA,NY,SG,14.985,10,0,14.6,-1.885,1,23.5
5376,MIA,NY,PG,26.395,19,0,-19.255,0.66,1,23.1
5500,MIA,NY,SG,25.08,12,0,0.39,-0.97,1,14.7
5697,MIA,NY,PF,6.27,10,0,-0.375,-3.895,1,3.4
4626,SAC,NO,PG,22.695,17,0,14.1,0.005,0,19.5
5158,SAC,NO,SG,14.365,10,0,1.425,-9.59,0,28.1
5388,SAC,NO,SG,11.11,10,0,-8.86,-1.05,0,5.7
5466,SAC,NO,PF,28.06,20,1,1.95,-1.71,0,28.3
5637,SAC,NO,SG,24.23,16,0,-5.39,-0.04,0,27.6
5644,SAC,NO,C,8.57,10,0,19.225,-0.995,0,19.1
5659,SAC,NO,PF,23.6,11,0,-17.71,-2.49,0,20.6
4622,NO,SAC,SG,33.575,30,0,5.375,-3.55,1,28
4638,NO,SAC,SF,13.625,10,0,2.035,-1.86,1,26.4
4720,NO,SAC,C,48.51,50,0,0,0,1,66.1
4758,NO,SAC,SG,22.345,13,0,3.625,-5.77,1,23.4
4937,NO,SAC,SG,15.58,10,0,-10.6,-0.28,1,23.8
5007,NO,SAC,PF,49.675,55,0,26.69,-3.965,1,50.9
5193,NO,SAC,SF,19.17,11,0,6.25,-1.82,1,17
5414,NO,SAC,PG,17.795,10,0,1.105,-1.5,1,24.7
5588,NO,SAC,PG,1,10,0,0,0,1,5.5
3954,WAS,UTA,C,15.02,10,0,3.545,0.435,0,12.3
3983,WAS,UTA,C,16.725,17,0,4.225,3.55,0,22.7
4298,WAS,UTA,PF,15.36,10,0,-2.6,-0.46,0,3.4
4615,WAS,UTA,PG,9.73,10,0,-4.6,5.57,0,2.9
4716,WAS,UTA,PG,39.23,50,1,15.45,9.42,0,27.8
4894,WAS,UTA,PF,21.68,21,0,-9.03,5.75,0,15.4
4913,WAS,UTA,SG,12.755,15,0,-13.15,9.095,0,17.8
5009,WAS,UTA,SG,32.22,34,0,-17.25,5.23,0,32.1
5154,WAS,UTA,SF,21.165,27,0,-5.78,7.415,0,14.3
5475,WAS,UTA,SF,14.71,10,0,12.79,-3,0,17.8
3520,UTA,WAS,SF,18.315,10,0,14.135,-1.05,1,15.5
3724,UTA,WAS,PF,10.97,10,0,2.55,-0.32,1,12.1
4724,UTA,WAS,SF,37.26,35,0,-13.02,-1.74,1,38.9
4916,UTA,WAS,PG,15.56,10,0,1.2,-15.56,1,23.5
5197,UTA,WAS,C,38.04,35,1,16.36,0.9,1,35.5
5209,UTA,WAS,C,7.295,10,0,2.375,0.93,1,15.8
5316,UTA,WAS,PG,15.87,10,0,7.715,-12.985,1,17.8
5334,UTA,WAS,SG,22.43,15,0,13.9,-3.63,1,16.2
5393,UTA,WAS,SG,19.06,11,0,14.385,-2.145,1,27.1
3960,IND,TOR,SG,16.12,10,0,-7.165,-0.255,0,22.1
3966,IND,TOR,SG,22.94,10,0,13.855,-1.495,0,15.4
4290,IND,TOR,PF,23.215,15,0,0.43,-1.845,0,23.6
4304,IND,TOR,PG,11.5,10,0,-12.33,-0.67,0,17.1
4624,IND,TOR,PG,32.43,28,0,4.69,2.48,0,33.3
4725,IND,TOR,SF,38.93,42,1,18.735,-0.265,0,44.3
4932,IND,TOR,PF,10.445,10,0,-0.54,0.495,0,3.8
5471,IND,TOR,C,27.925,22,0,-0.775,5.95,0,32.3
5496,IND,TOR,C,10.85,10,0,-3.6,-1.65,0,1.5
4163,TOR,IND,SF,17.4,14,0,0.735,4.865,1,18.4
4486,TOR,IND,PF,26.97,25,0,0.55,0.38,1,36.9
4614,TOR,IND,SG,41.275,42,1,0.575,-0.45,1,57.3
4632,TOR,IND,SF,16.525,10,0,0,0,1,22.2
4729,TOR,IND,PF,14.61,10,0,-3.615,0.305,1,6.5
4886,TOR,IND,C,23.89,16,0,5.61,0.3,1,41.9
4911,TOR,IND,PG,25.115,14,0,15.495,-1.41,1,16.4
5480,TOR,IND,PG,12.07,10,0,4.555,5.575,1,21.9
5506,TOR,IND,SG,15.035,10,0,7.185,-0.02,1,3.4
5640,TOR,IND,C,7.185,10,0,3.89,3.725,1,1.2
4305,SAC,MIN,SF,14.605,10,0,0,0,0,21.4
4371,SAC,MIN,PF,10.75,10,0,6.705,2.045,0,22.3
4623,SAC,MIN,PG,15.49,10,0,-8.495,2.205,0,40.9
4626,SAC,MIN,PG,22,17,0,-5.665,-0.435,0,16.5
5158,SAC,MIN,SG,12.54,10,0,16.92,-2.66,0,5.6
5388,SAC,MIN,SG,10.33,10,0,-5.115,-3.015,0,22.1
5466,SAC,MIN,PF,26.73,20,1,-8.65,1.02,0,34.5
5637,SAC,MIN,SG,22.38,16,0,-15.355,-0.125,0,31.3
5644,SAC,MIN,C,10.105,10,0,5.265,-1.77,0,12.2
5659,SAC,MIN,PF,24.8,11,0,4.165,-4.565,0,11.2
4475,MIN,SAC,SG,11.445,10,0,2.715,-1.96,1,16.4
4610,MIN,SAC,PG,37.225,35,0,3.08,-3.305,1,39.7
4628,MIN,SAC,PF,8.15,10,0,-4.52,1.37,1,6.4
5165,MIN,SAC,SF,8.335,10,0,-11.545,7.61,1,7.4
5191,MIN,SAC,PF,32.275,19,0,6.5,-6.075,1,32.1
5292,MIN,SAC,SF,34.06,32,0,-7.99,-1.07,1,43.1
5432,MIN,SAC,C,45.34,50,1,10.435,1.625,1,39.7
5484,MIN,SAC,SG,10.06,10,0,4.345,3.495,1,12.7
5636,MIN,SAC,PG,20.56,10,0,8.605,-3.265,1,14.1
3818,ATL,CHI,C,36.7,28,0,3.27,1.23,0,31.9
3831,ATL,CHI,PF,9.1,10,0,4.16,1.74,0,2.4
3962,ATL,CHI,PF,29.2,22,0,2.39,3.31,0,23.3
3989,ATL,CHI,PG,6.8,10,0,-0.115,2.515,0,8.6
5102,ATL,CHI,SG,16.1,11,0,0,0,0,16
5187,ATL,CHI,PG,39.7,30,1,5.355,-2.355,0,47.9
5194,ATL,CHI,SG,28.8,23,0,-24.07,4.37,0,33
5214,ATL,CHI,PF,6.4,10,0,-1.52,-0.68,0,13.7
5643,ATL,CHI,SF,20.2,15,0,1.295,6.705,0,18.1
4149,CHI,ATL,PG,33.1,21,0,16.435,-7.735,1,47.7
4477,CHI,ATL,C,22.4,10,0,8.215,-1.615,1,12.3
4905,CHI,ATL,PF,31.4,15,0,17.755,-8.055,1,30.3
4912,CHI,ATL,SG,44.6,48,1,7.73,-3.63,1,52.5
5162,CHI,ATL,PG,10.5,10,0,-6.125,5.225,1,10.9
5225,CHI,ATL,PF,6.7,10,0,-3.775,6.075,1,5.2
5482,CHI,ATL,PF,14.2,10,0,-11.275,3.475,1,8.3
5645,CHI,ATL,SG,23.3,11,0,-9.625,-4.575,1,19.4
5679,CHI,ATL,SF,15.7,10,0,5.005,-0.205,1,18.9
4646,ORL,BKN,SG,13.8,10,0,-8.545,-0.555,0,12.5
4888,ORL,BKN,C,15.1,10,0,19.03,-1.93,0,1.5
4897,ORL,BKN,C,37.2,30,0,2.495,-1.995,0,43.2
5014,ORL,BKN,SF,29.1,16,0,10.015,-8.415,0,13.4
5054,ORL,BKN,SG,29.3,20,0,11.655,-3.755,0,25.7
5295,ORL,BKN,PF,31,20,0,6.265,-6.265,0,52.5
5321,ORL,BKN,PG,40,31,1,-5.28,-5.52,0,50.2
5465,ORL,BKN,SF,11.8,10,0,0.985,2.215,0,6.7
4135,BKN,ORL,SG,9.2,10,0,-2.735,0.735,1,5.9
4472,BKN,ORL,C,36.4,27,0,12.375,1.525,1,43.9
4754,BKN,ORL,PF,17.9,16,0,-2.02,-3.48,1,35.6
4795,BKN,ORL,PG,36.5,19,1,3.88,-5.68,1,29.8
5079,BKN,ORL,C,14.5,10,0,5.2,-14.5,1,17.5
5349,BKN,ORL,PG,14.9,10,0,7.455,1.445,1,18.1
5428,BKN,ORL,SG,21,11,0,-7.79,-3.71,1,24.5
5483,BKN,ORL,PF,24.4,13,0,7.635,-0.635,1,11.7
5651,BKN,ORL,SF,19,11,0,-2.825,-2.175,1,13.1
5673,BKN,ORL,PG,12.8,10,0,-1.58,2.78,1,16.7
4285,LAL,LAC,SF,8.9,10,0,0.495,3.005,0,13.1
5011,LAL,LAC,PF,13.3,10,0,0,0,0,32.3
5318,LAL,LAC,PF,29.4,32,0,-14.12,4.42,0,25.2
5329,LAL,LAC,PG,11.6,10,0,-5.18,5.08,0,16.1
5357,LAL,LAC,PG,30.3,22,0,-0.94,0.94,0,12
5383,LAL,LAC,C,14.1,10,0,5.245,-3.945,0,18.5
5433,LAL,LAC,SG,36.2,29,1,12.28,0.22,0,12
5487,LAL,LAC,PF,20.4,11,0,-0.32,2.62,0,20.3
5601,LAL,LAC,SF,14.7,16,0,0,0,0,32
5762,LAL,LAC,SG,12,10,0,10.3,1.8,0,30.7
3407,LAC,LAL,SG,23.4,10,0,1.25,-3.95,1,13.2
3930,LAC,LAL,PG,42.8,44,1,12.9,-3.6,1,48.3
3931,LAC,LAL,SF,14.5,10,0,-9.88,-1.22,1,8.9
3959,LAC,LAL,PF,7.2,10,0,0,0,1,8.8
4139,LAC,LAL,SG,23,12,0,16.95,-4.95,1,29
4478,LAC,LAL,PF,17.6,10,0,-5.215,-1.485,1,2.4
4497,LAC,LAL,C,33.5,29,0,16.205,0.395,1,33.9
4561,LAC,LAL,PF,35.2,43,0,18.07,0.23,1,55.1
3990,PHO,POR,PG,6.975,10,0,8.455,-0.33,0,2.7
4300,PHO,POR,PF,15.86,10,0,20.07,-0.33,0,11
5156,PHO,POR,C,19.755,11,0,5.585,0.06,0,23.4
5325,PHO,POR,SF,31.135,29,0,5.695,3.27,0,35.5
5473,PHO,POR,SG,34.72,28,1,2.4,-2.82,0,44.1
5598,PHO,POR,C,22.65,20,0,-16.66,7.61,0,16
5639,PHO,POR,PF,25.205,17,0,-14.325,1.72,0,38.6
5665,PHO,POR,PG,30.855,24,0,3.895,3.95,0,20.1
5747,PHO,POR,SF,10.51,10,0,4.67,3.92,0,15.2
4717,POR,PHO,SF,18.81,13,0,-8.12,-0.79,1,28.2
4723,POR,PHO,PF,25.125,14,0,10.185,-6.51,1,24.7
5012,POR,PHO,PG,44.89,48,1,-6.205,3.015,1,47.5
5017,POR,PHO,C,20.965,10,0,-5.425,-11.14,1,14.3
5021,POR,PHO,SF,20.455,11,0,-13.625,-0.83,1,20.8
5161,POR,PHO,SG,33.86,33,0,16.47,1.67,1,48
5201,POR,PHO,SG,19.935,10,0,-12.13,-0.205,1,12.9
5320,POR,PHO,PF,20.02,11,0,-4.51,-1.01,1,32.6
3252,DAL,MIL,PF,29.555,22,1,8.685,-0.84,0,28
3822,DAL,MIL,SG,16.83,10,0,-11.325,-3.505,0,17.1
4203,DAL,MIL,SG,23.85,10,0,7.095,-6.045,0,24.9
4694,DAL,MIL,SG,23.98,18,0,-4.24,-0.14,0,18.2
5013,DAL,MIL,SF,27.92,24,0,5.77,-0.59,0,33.9
5157,DAL,MIL,C,24.6,18,0,-8.185,1.785,0,18.6
5536,DAL,MIL,C,12.415,10,0,8.27,-5.185,0,5.6
5693,DAL,MIL,SF,7.905,10,0,6.75,-0.055,0,4.1
5720,DAL,MIL,PG,21.325,10,0,10.42,-6.645,0,27.3
3333,MIL,DAL,SG,11.64,10,0,-2.79,0.55,1,9
4288,MIL,DAL,PF,3.32,10,0,-3.425,7.605,1,2.6
4388,MIL,DAL,PF,8.9,16,0,0,0,1,4.2
4722,MIL,DAL,C,26.805,18,0,-0.075,1.37,1,16.7
5073,MIL,DAL,SF,29.405,28,0,8.495,-0.7,1,27.5
5095,MIL,DAL,PF,15.43,10,0,0.665,-3.195,1,5
5185,MIL,DAL,PF,43.505,52,1,5.41,-0.615,1,69.5
5190,MIL,DAL,SG,16.665,10,0,-11.89,-0.075,1,16.7
5249,MIL,DAL,SG,11.71,10,0,0.055,1.935,1,25
5641,MIL,DAL,C,10.905,10,0,0.765,-2.27,1,12.7
3928,CHA,OKC,PF,26.205,24,0,10.555,0.14,0,18.7
4296,CHA,OKC,SF,14.08,10,0,16.745,1.675,0,14.8
4487,CHA,OKC,SG,31.675,25,0,-2.085,-2.29,0,34.9
4890,CHA,OKC,PG,38.97,41,1,-8.665,-3.005,0,45.6
5008,CHA,OKC,SF,23.8,15,0,-8.5,-3.3,0,26.7
5018,CHA,OKC,SG,13.7,10,0,-3.825,1.825,0,18.1
5060,CHA,OKC,C,4.09,10,0,10.2,-4.09,0,4.2
5155,CHA,OKC,C,25.34,14,0,-11.65,-0.49,0,21.8
5469,CHA,OKC,PF,21.545,24,0,-2.13,0.885,0,26.9
4390,OKC,CHA,PG,59.27,64,1,28.29,3.54,1,72.1
4899,OKC,CHA,C,27.125,17,0,3.33,-3.455,1,9.2
5153,OKC,CHA,SG,31.845,22,0,-5.395,-2.45,1,30.6
5163,OKC,CHA,C,24.55,15,0,-1.59,-2.16,1,12.4
5196,OKC,CHA,SF,19.91,10,0,8.89,-1.5,1,23.7
5202,OKC,CHA,SG,10.185,10,0,4.05,-0.535,1,1.4
5322,OKC,CHA,SF,6.135,10,0,-8.615,2.48,1,2.4
5350,OKC,CHA,PF,8.56,10,0,0.195,1.845,1,15.1
5366,OKC,CHA,PG,7.82,10,0,-3.87,1.25,1,5
5642,OKC,CHA,PF,14.36,10,0,-1.335,-6.125,1,6.7
3954,WAS,GS,C,14.5,10,0,1.965,-0.365,0,17.9
3983,WAS,GS,C,22.065,15,0,-2.445,-3.32,0,11.6
4615,WAS,GS,PG,12.85,10,0,-5.155,-0.295,0,21.4
4716,WAS,GS,PG,44.73,50,1,19.48,-2.31,0,36.5
4894,WAS,GS,PF,26.96,21,0,-5.88,-2.28,0,21.8
4913,WAS,GS,SG,14.51,13,0,-10.325,1.715,0,31.7
5009,WAS,GS,SG,34.41,34,0,1.52,-0.43,0,31.9
5154,WAS,GS,SF,21.875,25,0,-14.58,4.105,0,28.7
5475,WAS,GS,SF,14.975,10,0,6.545,-1.32,0,10.4
3643,GS,WAS,SF,19.53,10,0,-1.095,-4.935,1,9.4
3721,GS,WAS,PF,13.87,10,0,17.44,-0.51,1,19.6
3745,GS,WAS,C,13.13,10,0,2.235,-0.565,1,16.5
3821,GS,WAS,PG,11.9,10,0,-0.535,-0.865,1,27.4
3826,GS,WAS,SG,22.44,11,0,5.5,-0.24,1,19.9
4480,GS,WAS,C,10.29,10,0,8.825,-2.315,1,24.2
4612,GS,WAS,PG,46.11,49,1,10.26,-5.27,1,60.7
4892,GS,WAS,SG,36.185,32,0,-3.76,-3.025,1,32.7
5069,GS,WAS,PF,37.1,38,0,-19.445,-3.455,1,45.4
5237,GS,WAS,PG,13.53,10,0,-5.125,-0.405,1,6.1
5669,GS,WAS,SF,7.85,10,0,0.78,1.37,1,5.7
3601,ATL,BKN,SG,10.63,10,0,0.56,0.11,0,2.7
3818,ATL,BKN,C,39.03,28,0,15.41,-1.44,0,21.2
3962,ATL,BKN,PF,26.855,22,0,-5.535,1.78,0,10.5
3989,ATL,BKN,PG,5.035,10,0,-7.435,6.3,0,4.6
5102,ATL,BKN,SG,19.165,11,0,19.04,-0.405,0,18.7
5187,ATL,BKN,PG,40.08,30,1,-19.965,-2.015,0,36
5194,ATL,BKN,SG,26.86,23,0,-3.04,0.28,0,18.2
5214,ATL,BKN,PF,8.04,10,0,1.205,1.055,0,11.1
5643,ATL,BKN,SF,19.945,15,0,-7.295,1.65,0,28.5
4135,BKN,ATL,SG,9.295,10,0,-5.715,-0.38,1,13.1
4472,BKN,ATL,C,32.31,27,0,-5.15,1.64,1,53
4754,BKN,ATL,PF,18.125,16,0,-6.635,0.31,1,22.4
4795,BKN,ATL,PG,29.025,19,0,-5.09,1.565,1,29.2
5349,BKN,ATL,PG,14.62,10,0,5.185,0.295,1,15.9
5428,BKN,ATL,SG,17.83,10,0,6.555,-4.985,1,18.7
5483,BKN,ATL,PF,22.58,13,0,6.49,-1.77,1,26
5651,BKN,ATL,SF,18,11,0,6.2,-0.3,1,13.4
5673,BKN,ATL,PG,15.725,10,0,-11.92,0.795,1,10.8
3960,IND,CLE,SG,19.13,10,0,5.89,-3.92,0,41.7
3966,IND,CLE,SG,24.58,12,0,-14.78,-0.7,0,19.2
4290,IND,CLE,PF,24.485,15,0,17.34,-3.725,0,29.8
4304,IND,CLE,PG,12.145,10,0,14.335,-2.58,0,5.4
4624,IND,CLE,PG,34.705,28,0,-20.4,-2.605,0,39.3
4725,IND,CLE,SF,42.185,42,1,-1.19,-2.895,0,75.3
4771,IND,CLE,SG,11.4,10,0,0,0,0,11.1
4932,IND,CLE,PF,10.645,10,0,3.795,-0.24,0,9.8
5471,IND,CLE,C,32.08,22,0,-11.175,-3.405,0,18.6
3523,CLE,IND,SF,11.475,10,0,0,0,1,2.7
3704,CLE,IND,SF,48.87,57,1,0.54,1.09,1,83.2
3835,CLE,IND,SG,19.66,10,0,7.005,-3.065,1,34
3929,CLE,IND,PG,15.285,10,0,13.41,-12.495,1,18
3934,CLE,IND,PF,14.885,10,0,0.235,0.28,1,20.2
4391,CLE,IND,PF,34.14,36,0,-6.295,1.155,1,33.4
4840,CLE,IND,PG,36.795,43,0,-12.485,4.59,1,41.5
4883,CLE,IND,SF,5.16,10,0,13.41,-2.37,1,18
4884,CLE,IND,C,22.52,14,0,5.525,-2.245,1,22.8
4898,CLE,IND,SF,15.385,10,0,-1.435,-1.05,1,7.9
4301,DEN,MIA,PF,24.815,29,0,-0.49,5.475,0,37.3
4468,DEN,MIA,SF,28.015,25,0,-4.01,0.195,0,40.5
4904,DEN,MIA,PF,25.66,16,0,13.17,-11.03,0,20.6
5330,DEN,MIA,SG,24.86,21,0,4.355,1.185,0,18.6
5352,DEN,MIA,C,40.91,46,1,-3.43,2.62,0,44.5
5467,DEN,MIA,PG,11.475,10,0,0,0,0,35.3
5638,DEN,MIA,PG,20.95,10,0,-9.855,-5.195,0,18.1
4507,MIA,DEN,PG,34.085,33,0,9.78,1.535,1,29.7
4621,MIA,DEN,PF,23.69,24,0,10.21,6.5,1,20.1
4633,MIA,DEN,SG,14.375,10,0,-0.41,-1.065,1,8.7
4731,MIA,DEN,PF,10.45,10,0,-5.915,0.165,1,14.9
4764,MIA,DEN,C,39.02,37,1,-7.69,-1.03,1,38.4
5146,MIA,DEN,C,14.075,10,0,-7.465,1.09,1,19.4
5270,MIA,DEN,SG,16.62,10,0,-11.475,-0.145,1,23.7
5376,MIA,DEN,PG,24.135,19,0,-2.905,1.67,1,27.6
5500,MIA,DEN,SG,22.555,12,0,6.735,0.91,1,31.1
5697,MIA,DEN,PF,4.755,10,0,10.035,-2.29,1,7.1
3944,BOS,NY,SF,5.6,10,0,0,0,0,0.7
3982,BOS,NY,PF,17.915,10,0,-5.64,2.325,0,10.1
4245,BOS,NY,C,34.245,27,0,-3.39,-1.155,0,23.4
4644,BOS,NY,SF,11.63,10,0,-8.44,-2.99,0,16.8
4942,BOS,NY,PG,40.03,46,1,9.665,-0.195,0,33.4
5023,BOS,NY,C,5.8,10,0,0,0,0,4.4
5068,BOS,NY,SF,28.68,25,0,-13.04,0.26,0,14.5
5164,BOS,NY,PF,16.805,11,0,-16.585,-0.22,0,24.3
5317,BOS,NY,PG,23.1,16,0,9.7,-0.6,0,23.4
5476,BOS,NY,PG,13.16,10,0,-0.175,-6.285,0,25.9
5602,BOS,NY,SF,18.115,10,0,-7.785,-5.63,0,19.9
3844,NY,BOS,SG,17.025,10,0,5.535,-15.56,1,17.5
4484,NY,BOS,SG,20.235,13,0,0.38,-0.215,1,28.6
5083,NY,BOS,C,18.425,10,0,-2.885,-0.54,1,23.8
5142,NY,BOS,SG,17.62,10,0,-1.3,-4.22,1,10.2
5464,NY,BOS,PF,38.24,33,1,-0.595,-1.545,1,17.2
5495,NY,BOS,C,29.84,18,0,-4.59,-3.95,1,22.1
5694,NY,BOS,SF,11.56,10,0,-5.64,6.58,1,15.2
5704,NY,BOS,PG,23.9,10,0,-2.56,-7.84,1,15.1
5706,NY,BOS,PG,6.8,10,0,13.88,-1.88,1,16.4
4149,CHI,NO,PG,31.98,21,0,14.29,-1.97,0,37.3
4477,CHI,NO,C,27.735,10,0,5.92,-6.455,0,12.8
4905,CHI,NO,PF,29.84,17,0,19.735,-5.075,0,18.8
4912,CHI,NO,SG,42.35,48,1,-0.955,2.305,0,58.2
5162,CHI,NO,PG,10.845,10,0,-3.14,3.195,0,15.6
5225,CHI,NO,PF,11.74,10,0,-1.145,-2.695,0,23.5
5482,CHI,NO,PF,15.3,10,0,-1,2,0,35.7
5645,CHI,NO,SG,20.755,10,0,4.365,-1.92,0,16.1
5679,CHI,NO,SF,14.695,10,0,-17.045,2.35,0,18.3
4622,NO,CHI,SG,33.15,30,0,5.82,-0.47,1,29.2
4638,NO,CHI,SF,12.085,10,0,10.455,0.36,1,13.7
4720,NO,CHI,C,47.72,50,0,14.86,-3.88,1,48.1
4758,NO,CHI,SG,23.055,13,0,2.975,-3.33,1,22
4937,NO,CHI,SG,15.515,10,0,-1.935,0.42,1,16.9
5007,NO,CHI,PF,47.695,55,0,3.06,2.845,1,51.7
5193,NO,CHI,SF,19.805,11,0,-4.425,-2.08,1,13.8
5414,NO,CHI,PG,21.27,10,0,-10.405,-2.965,1,13.6
4306,PHI,TOR,C,6.845,10,0,0.295,0.46,0,8.9
4617,PHI,TOR,SG,14.77,10,0,-4.61,2.14,0,19.8
5319,PHI,TOR,SG,17.31,10,0,9.545,3.645,0,23.7
5323,PHI,TOR,PF,28.365,36,0,-6.475,8.51,0,20.6
5481,PHI,TOR,PF,21.205,12,0,-4.13,-0.675,0,18.6
5497,PHI,TOR,C,30.245,18,0,11.615,-2.26,0,16.4
5582,PHI,TOR,PG,26.13,20,0,-2.395,4.365,0,23.7
5655,PHI,TOR,SG,19.145,10,0,5.755,0.6,0,27.1
5725,PHI,TOR,C,23.175,10,0,-4.625,-4.85,0,22.5
4486,TOR,PHI,PF,24.19,25,0,-5.26,2.47,1,45.2
4614,TOR,PHI,SG,39.14,42,1,5.545,0.515,1,28.7
4632,TOR,PHI,SF,16.64,10,0,-5.62,-1.42,1,18
4729,TOR,PHI,PF,14.165,10,0,-0.915,0.45,1,9.4
4886,TOR,PHI,C,27.53,16,0,17.575,-5.105,1,30.1
4911,TOR,PHI,PG,21.48,14,0,17.77,2.65,1,23.5
5480,TOR,PHI,PG,15.69,10,0,-6.64,-1.05,1,18.9
5506,TOR,PHI,SG,12.12,10,0,-1.085,2.065,1,16.4
5640,TOR,PHI,C,8.395,10,0,-4.51,0.915,1,25
3520,UTA,SA,SF,16.175,11,0,3.72,2.705,0,21.6
3724,UTA,SA,PF,11.905,10,0,12.26,-2.565,0,23.1
4724,UTA,SA,SF,35.395,35,0,-5.28,0.785,0,26.1
4916,UTA,SA,PG,17.445,10,0,9.215,-3.86,0,21.2
5197,UTA,SA,C,35.875,36,0,-3.475,1.6,0,54.3
5209,UTA,SA,C,8.3,10,0,7.685,-0.885,0,9.8
5316,UTA,SA,PG,14.38,10,0,-11.39,1.61,0,16.1
5334,UTA,SA,SG,18.03,15,0,5.76,4.91,0,11.7
5393,UTA,SA,SG,17,11,0,8.775,2.125,0,20.8
3513,SA,UTA,C,26.055,17,0,17.33,-3.785,1,32.4
3527,SA,UTA,PG,17.325,10,0,-13.145,2.02,1,29.3
4896,SA,UTA,SF,38.92,50,1,-14.245,7.225,1,42.8
4926,SA,UTA,SF,10.5,10,0,6.4,-10.5,1,20.8
5256,SA,UTA,C,17.195,10,0,1.795,-2.99,1,24.5
5341,SA,UTA,SG,11.915,10,0,1.295,-7.51,1,28
5526,SA,UTA,SF,11.725,10,0,-10.94,-0.785,1,22.7
5726,SA,UTA,PG,4.5,10,0,3.7,-4.5,1,15.9
3531,MEM,LAL,PF,34.61,21,0,-4.005,-2.905,0,20.7
3842,MEM,LAL,SG,23.68,11,0,1.055,-3.135,0,33.8
4246,MEM,LAL,PG,38.085,38,1,20.33,0.685,0,47.6
4286,MEM,LAL,C,22.08,10,0,6.66,-5.44,0,21.6
5220,MEM,LAL,SF,22.675,10,0,9.37,-8.045,0,32.6
5282,MEM,LAL,SG,22.665,10,0,-5.315,-7.65,0,30.9
5648,MEM,LAL,PG,9.225,10,0,1.5,-9.225,0,5.5
4285,LAL,MEM,SF,7.445,10,0,5.755,3.2,1,10.7
5011,LAL,MEM,PF,13.635,10,0,12.6,-13.635,1,27.5
5318,LAL,MEM,PF,27.18,30,0,-1.08,2.5,1,34.7
5329,LAL,MEM,PG,12.105,10,0,2.895,5.7,1,17.4
5357,LAL,MEM,PG,25.72,22,0,-0.375,4.755,1,15.1
5433,LAL,MEM,SG,30.975,29,1,-7.33,4.955,1,39.2
5487,LAL,MEM,PF,17.8,11,0,-11.835,3.435,1,37.8
5601,LAL,MEM,SF,14.6,16,0,0,0,1,19.1
5762,LAL,MEM,SG,16.25,10,0,-2.085,-1.465,1,5.2
3605,HOU,PHO,C,20.96,10,0,-11.05,1.69,0,25
3971,HOU,PHO,PG,28.685,21,0,-5.98,-0.605,0,27.8
4469,HOU,PHO,SG,24.035,16,0,-12.495,1.46,0,45.7
4647,HOU,PHO,SG,22.27,17,0,-2.09,0.92,0,51.1
5336,HOU,PHO,C,26.935,17,0,-5.425,0.89,0,24.9
5478,HOU,PHO,SF,14.14,10,0,-2.59,-1.25,0,1.4
5492,HOU,PHO,C,6.63,10,0,0,0,0,10.1
3990,PHO,HOU,PG,6.5,10,0,-5.08,1.78,1,9.7
4300,PHO,HOU,PF,12.75,10,0,0.44,1.71,1,33.8
5156,PHO,HOU,C,17.005,11,0,-5.27,3.865,1,30.4
5473,PHO,HOU,SG,37.76,26,1,17.535,-5.395,1,41
5598,PHO,HOU,C,21.675,18,0,-10.955,3.68,1,6.8
5639,PHO,HOU,PF,26.635,17,0,7.97,-5.405,1,22.7
5665,PHO,HOU,PG,30.81,24,0,7.375,0.915,1,57.8
5747,PHO,HOU,SF,10.96,10,0,5.615,0.225,1,23.1
4717,POR,MIN,SF,17.52,11,0,-5.39,-0.03,0,19.8
4723,POR,MIN,PF,23.75,14,0,9.28,-1.73,0,43.9
5012,POR,MIN,PG,40.42,48,1,11.425,3.455,0,44.3
5017,POR,MIN,C,12.75,10,0,2.77,-5.12,0,5.4
5021,POR,MIN,SF,17.13,11,0,17.39,0.18,0,33.6
5161,POR,MIN,SG,32.14,35,0,-19.4,4.96,0,31
5201,POR,MIN,SG,16.085,10,0,13.75,2.065,0,17.7
5320,POR,MIN,PF,19.91,10,0,-12.355,-0.455,0,23.8
4475,MIN,POR,SG,10.875,10,0,-0.94,-0.935,1,29.4
4610,MIN,POR,PG,34.66,37,0,18.83,3.51,1,40.4
4628,MIN,POR,PF,6.93,10,0,-0.705,1.275,1,5.2
5165,MIN,POR,SF,12.42,10,0,-11.62,1.4,1,12.2
5191,MIN,POR,PF,29.415,21,0,13.345,0.74,1,26.1
5292,MIN,POR,SF,32.185,32,0,1.63,3.485,1,34.1
5326,MIN,POR,PF,5.5,10,0,0,0,1,4.6
5432,MIN,POR,C,45.325,51,1,-0.3,4.775,1,47.4
5484,MIN,POR,SG,8.09,10,0,-6.615,5.525,1,6.7
5636,MIN,POR,PG,13.63,10,0,2.47,5.6,1,1.5
3333,MIL,OKC,SG,11.385,10,0,-13.685,4,0,1.5
4288,MIL,OKC,PF,5.735,10,0,9.845,-1.78,0,18
4388,MIL,OKC,PF,10.35,16,0,-1.485,4.935,0,18.7
4722,MIL,OKC,C,25.17,18,0,-13.76,2.79,0,11
5073,MIL,OKC,SF,32.325,28,0,9.37,-2.195,0,15.9
5095,MIL,OKC,PF,9.275,10,0,-10.215,4.44,0,9.1
5185,MIL,OKC,PF,48.92,51,1,17.685,-6.305,0,31
5190,MIL,OKC,SG,16.925,10,0,-7.225,0.6,0,11.9
5249,MIL,OKC,SG,16.805,10,0,1.74,1.555,0,8.2
5477,MIL,OKC,SG,3.775,10,0,2.89,3.835,0,8.5
5641,MIL,OKC,C,12.385,10,0,19.685,-3.67,0,16.4
4390,OKC,MIL,PG,63.595,64,1,1.175,-3.77,1,49.1
4631,OKC,MIL,PF,17.49,14,0,-7.495,0.805,1,19.6
4899,OKC,MIL,C,22.355,17,0,-2.98,0.125,1,25
5153,OKC,MIL,SG,28.695,22,0,-4.34,-1.455,1,16.9
5163,OKC,MIL,C,22.725,15,0,2.585,-2.41,1,15.5
5196,OKC,MIL,SF,19.51,10,0,8.73,-1.84,1,27
5202,OKC,MIL,SG,9.725,10,0,-4.87,1.145,1,16.2
5322,OKC,MIL,SF,7.075,10,0,0.08,-3.155,1,15.2
5350,OKC,MIL,SF,10.435,10,0,-6.425,-0.51,1,4.2
5366,OKC,MIL,PG,7.455,10,0,-0.2,-0.555,1,23.9
5642,OKC,MIL,PF,8.75,10,0,6.335,-1.285,1,20.5
4475,MIN,GS,SG,10.875,10,0,4.955,0.57,0,2.4
4610,MIN,GS,PG,34.66,37,0,2.475,2.565,0,28.5
4628,MIN,GS,PF,6.93,10,0,-1.75,1.22,0,10.1
5165,MIN,GS,SF,12.42,10,0,-0.935,-4.085,0,39.2
5191,MIN,GS,PF,29.415,21,0,-0.175,2.86,0,22.8
5292,MIN,GS,SF,32.185,32,0,9.04,1.875,0,34.3
5326,MIN,GS,PF,5.5,10,0,13.6,-5.5,0,19
5432,MIN,GS,C,45.325,51,1,-5.64,0.015,0,39.7
5484,MIN,GS,SG,8.09,10,0,2.64,1.97,0,6.9
5636,MIN,GS,PG,13.63,10,0,-6.46,6.93,0,4.7
3643,GS,MIN,SF,15.81,10,0,-0.465,2.055,1,28.2
3721,GS,MIN,PF,13.615,10,0,-3.54,2.025,1,20.8
3745,GS,MIN,C,13.34,10,0,-11.425,1.285,1,14.4
3821,GS,MIN,PG,11.78,10,0,2.705,-0.885,1,10.4
3826,GS,MIN,SG,24.18,14,0,14.51,-0.19,1,17.4
4480,GS,MIN,C,10.235,10,0,17.455,0.11,1,10.4
4612,GS,MIN,PG,45.535,49,1,-2.725,1.09,1,44.6
4892,GS,MIN,SG,36.38,34,0,3.985,2.235,1,56.4
5069,GS,MIN,PF,34.865,38,0,-6.23,1.565,1,16.7
5237,GS,MIN,SG,11.835,10,0,-4.325,1.39,1,11.6
5669,GS,MIN,SG,7.465,10,0,-8.13,0.665,1,4.2
3928,CHA,WAS,PF,27.825,24,0,7.385,0.39,0,8.4
4296,CHA,WAS,SF,14.455,10,0,-6.91,3.955,0,23.6
4487,CHA,WAS,SG,32.78,25,0,4.18,-2.96,0,24.7
4890,CHA,WAS,PG,39.325,41,1,8.645,1.63,0,54
5008,CHA,WAS,SF,22.87,15,0,8.99,0.04,0,12.1
5018,CHA,WAS,SG,11.925,10,0,9.035,0.54,0,17
5060,CHA,WAS,C,7.335,10,0,1.975,-1.71,0,1.2
5105,CHA,WAS,PG,7.47,10,0,10.78,-3.55,0,3.2
5155,CHA,WAS,C,25.39,14,0,5.035,-0.125,0,24.5
5469,CHA,WAS,PF,24.58,22,0,9.025,-1.205,0,21
3954,WAS,CHA,C,15.81,10,0,-2.72,-0.79,1,8.3
3983,WAS,CHA,C,18.09,15,0,5.975,-1.365,1,21
4298,WAS,CHA,PF,11.7,10,0,12.645,1.255,1,29.5
4615,WAS,CHA,PG,12.34,10,0,-6.83,-2.61,1,10.2
4716,WAS,CHA,PG,47.46,50,1,-11.43,-8.23,1,53.4
4894,WAS,CHA,PF,24.995,21,0,-6.28,-3.315,1,22.2
4913,WAS,CHA,SG,17.61,13,0,5.045,-4.855,1,9.4
5009,WAS,CHA,SG,36.38,32,0,-0.12,-4.16,1,32.9
5154,WAS,CHA,SF,23.175,25,0,-6.865,-2.01,1,20.3
5475,WAS,CHA,SF,14.725,10,0,3.09,-0.015,1,23
3822,DAL,SAC,SG,16.165,10,0,6.355,-6.12,0,10.5
5157,DAL,SAC,C,23.82,18,0,-1.3,-2.32,0,31
5356,DAL,SAC,C,12.01,10,0,0.635,-4.245,0,21.9
5693,DAL,SAC,SF,13.935,10,0,-3.185,-7.15,0,15.7
5720,DAL,SAC,PG,21.11,10,0,-7.085,-6.825,0,14
4564,SAC,DAL,SG,17.59,14,0,-2.845,1.855,1,18.1
4682,SAC,DAL,SF,16.415,10,0,0,0,1,21.5
5158,SAC,DAL,SG,12.305,10,0,13.735,2.06,1,31.1
5388,SAC,DAL,SG,9.73,10,0,-5.41,1.38,1,21.9
5466,SAC,DAL,PF,25.12,18,1,0.24,2.94,1,38.7
5637,SAC,DAL,SG,22.9,16,0,3.37,1.33,1,25.3
5644,SAC,DAL,C,14.235,10,0,10.53,-5.665,1,18.5
5659,SAC,DAL,PF,20.24,11,0,-3,3.36,1,22.4
4646,ORL,CLE,SG,14.655,10,0,7.77,-3.725,0,25.2
4888,ORL,CLE,C,14.33,10,0,6.755,-0.485,0,19.5
4897,ORL,CLE,C,33.835,30,0,-14.04,1.605,0,24
5014,ORL,CLE,SF,25.875,18,0,4.775,-4.55,0,21.7
5054,ORL,CLE,SG,27.81,20,0,3.195,-2.805,0,27.5
5295,ORL,CLE,PF,33.03,20,0,33.715,-6.545,0,15
5321,ORL,CLE,PG,38.91,31,1,12.27,-3.88,0,24.8
5465,ORL,CLE,SF,11.775,10,0,-6.25,1.175,0,19.4
3523,CLE,ORL,SF,9.915,10,0,0,0,1,7.9
3704,CLE,ORL,SF,51.67,57,1,2.965,-1.335,1,47.7
3754,CLE,ORL,SG,14.58,11,0,0,0,1,14.2
3835,CLE,ORL,SG,19.4,10,0,8.05,-1.15,1,31
3934,CLE,ORL,PF,5.06,10,0,-3.655,11.795,1,9.6
4391,CLE,ORL,PF,37.225,34,0,2.925,-1.65,1,51.7
4840,CLE,ORL,PG,41.59,43,0,2.69,-2.08,1,44.3
4884,CLE,ORL,C,23.305,14,0,-1.1,-0.005,1,9.1
4898,CLE,ORL,SF,14.775,10,0,-1.49,0.015,1,9
4163,TOR,IND,SF,18.18,14,0,-8.28,0.2,0,18
4486,TOR,IND,PF,26.755,25,0,9.93,0.215,0,17
4614,TOR,IND,SG,40.275,42,1,16.025,1,0,37.6
4632,TOR,IND,SF,16.625,10,0,5.675,-0.1,0,13.7
4729,TOR,IND,PF,13.735,10,0,-8.11,0.875,0,4.4
4886,TOR,IND,C,27.56,16,0,18.01,-3.67,0,26
4911,TOR,IND,PG,22.495,16,0,-8.715,2.62,0,18.8
5480,TOR,IND,PG,15.145,10,0,9.83,-3.075,0,14.7
5506,TOR,IND,SG,11.6,10,0,-11.635,3.435,0,0.2
5640,TOR,IND,C,7.795,10,0,-5.985,-0.61,0,17.6
3960,IND,TOR,SG,18.63,10,0,5.98,-2.51,1,8.3
3966,IND,TOR,SG,20.715,12,0,-7.54,2.225,1,23.8
4290,IND,TOR,PF,22.185,15,0,0.385,1.03,1,31.2
4304,IND,TOR,PG,9.3,10,0,5.6,2.2,1,7.7
4624,IND,TOR,PG,33.695,28,0,0.87,-1.265,1,31.4
4725,IND,TOR,SF,40.43,42,1,5.37,-1.5,1,55
4748,IND,TOR,PF,2.49,10,0,6.4,-2.49,1,5.2
4771,IND,TOR,SF,12.37,10,0,0,0,1,20.9
4932,IND,TOR,PF,10.47,10,0,-6.645,-0.025,1,3.4
5471,IND,TOR,C,31.965,22,0,4.375,-4.04,1,13.7
4149,CHI,NY,PG,34.88,23,0,14.6,-1.78,0,25.4
4477,CHI,NY,C,24.65,11,0,-10.1,-2.25,0,21.3
4905,CHI,NY,PF,26.865,17,0,-1.1,4.535,0,32
4912,CHI,NY,SG,46.4,48,1,7.9,-1.8,0,39.1
5162,CHI,NY,PG,12.025,10,0,0.4,-1.525,0,5.2
5225,CHI,NY,PF,13.36,10,0,-1.5,-6.66,0,7.1
5482,CHI,NY,PF,15.33,10,0,-5.9,-1.13,0,10.6
5645,CHI,NY,SG,17.05,10,0,-3.9,6.25,0,10.6
5679,CHI,NY,SF,14.84,10,0,3.2,0.86,0,2.9
3706,NY,CHI,SF,34.69,33,0,0,0,1,32.4
3844,NY,CHI,SG,9.42,10,0,22.9,-7.72,1,1.5
4484,NY,CHI,SG,22.96,13,0,11.365,-4.025,1,21.3
5083,NY,CHI,C,22.49,10,0,3.71,-6.9,1,37.9
5142,NY,CHI,SG,15.365,10,0,5.7,0.735,1,22.3
5495,NY,CHI,C,28.92,16,0,0.65,-2.17,1,21.1
5694,NY,CHI,SF,12.03,10,0,-7.095,5.165,1,15.5
5704,NY,CHI,PG,20.095,10,0,8.905,-2.9,1,23.3
5706,NY,CHI,PG,13.925,10,0,5.02,-7.545,1,6.4
4135,BKN,PHI,SG,9.515,10,0,-3.3,-0.315,0,22.6
4472,BKN,PHI,C,36.025,27,0,7.5,0.375,0,28.3
4754,BKN,PHI,PF,20.695,14,0,17.7,-2.795,0,17
4795,BKN,PHI,PG,32.32,19,0,-6.7,4.18,0,32.5
5071,BKN,PHI,C,13.015,10,0,0,0,0,7.1
5199,BKN,PHI,SG,9.87,10,0,15,-9.87,0,20.4
5343,BKN,PHI,SF,11.2,10,0,0,0,0,20.4
5349,BKN,PHI,PG,16.425,10,0,3.2,-1.525,0,28.4
5428,BKN,PHI,SG,20.325,10,0,3.5,0.675,0,23.6
5483,BKN,PHI,PF,25.575,13,0,-12.7,-1.175,0,17.6
5651,BKN,PHI,SF,15.785,10,0,-5.9,3.215,0,24.8
4306,PHI,BKN,C,6.075,10,0,3.365,-1.04,1,8.7
5319,PHI,BKN,SG,21.34,10,0,2.325,-0.365,1,13.8
5323,PHI,BKN,PF,27.3,36,0,-18.785,6.785,1,17.1
5481,PHI,BKN,SF,22.38,12,0,10.985,-3.865,1,20.4
5497,PHI,BKN,C,30.585,20,0,1.595,-0.78,1,36.2
5582,PHI,BKN,PG,32.68,20,0,-2.68,-2.9,1,29.4
5655,PHI,BKN,SG,24.965,10,0,5.225,-4.89,1,34.6
5725,PHI,BKN,PF,22.79,10,0,5.555,-4.545,1,27.2
4301,DEN,NO,PF,26.065,27,0,-20.36,1.495,0,29.4
4468,DEN,NO,SF,28.65,25,0,3.75,-1.4,0,41
4904,DEN,NO,PF,25.31,16,0,18.745,-5.455,0,7.4
5192,DEN,NO,C,13.7,16,0,-10.46,3.56,0,31.7
5330,DEN,NO,SG,27.33,21,0,2.305,1.365,0,42.1
5352,DEN,NO,C,44.47,46,1,13.92,-2.79,0,40.4
5467,DEN,NO,PG,21.095,10,0,0,0,0,25.5
5638,DEN,NO,PG,23.4,10,0,2.695,-6.795,0,29.5
4622,NO,DEN,SG,36.805,30,0,-5.575,-3.23,1,44.3
4638,NO,DEN,PF,12.445,10,0,12.775,1.18,1,3.5
4720,NO,DEN,C,52.855,51,0,17.59,-4.345,1,65.8
4758,NO,DEN,SG,22.69,13,0,1.055,-0.345,1,8.5
4937,NO,DEN,SF,16.12,10,0,8.22,-0.54,1,23.6
5007,NO,DEN,PF,54.645,55,1,1.225,-4.97,1,58
5193,NO,DEN,SF,20.955,11,0,-2.17,-1.785,1,26.3
5414,NO,DEN,PG,17.485,10,0,6.905,0.31,1,13.6
4717,POR,UTA,SF,17.52,11,0,9.39,1.29,0,19.6
4723,POR,UTA,PF,23.75,14,0,-0.425,1.375,0,21.8
5012,POR,UTA,PG,40.42,48,1,2.61,4.47,0,23.9
5017,POR,UTA,C,12.75,10,0,-6.665,8.215,0,16.6
5021,POR,UTA,SF,17.13,11,0,0.345,3.325,0,7.6
5161,POR,UTA,SG,32.14,35,0,14.14,1.72,0,31.7
5201,POR,UTA,SG,16.085,10,0,-7.035,3.85,0,19.9
5320,POR,UTA,PF,19.91,10,0,12.58,0.11,0,2.2
5335,POR,UTA,PG,3.625,10,0,0,0,0,6.9
3520,UTA,POR,SF,21.77,11,0,-2.815,-3.455,1,20.4
3724,UTA,POR,PF,12.365,10,0,1.13,-1.395,1,15.1
4724,UTA,POR,SF,36.45,35,0,1.64,0.81,1,40.8
4893,UTA,POR,PG,9.63,10,0,0,0,1,13.4
4916,UTA,POR,PG,16.765,10,0,7.94,-1.205,1,19.9
5197,UTA,POR,C,41.225,37,1,-2.54,-3.185,1,45.7
5209,UTA,POR,C,8.48,10,0,8.505,-1.185,1,19.1
5316,UTA,POR,PG,15.745,10,0,1.93,0.125,1,15.1
5393,UTA,POR,SG,23.66,11,0,8.04,-4.6,1,10.2
3248,MEM,SA,SF,18.855,11,0,15.635,-0.89,0,12.4
3531,MEM,SA,PF,24.465,23,0,10.665,5.77,0,44.2
4246,MEM,SA,PG,34.045,38,0,7.525,3.43,0,30.4
4286,MEM,SA,C,11.9,10,0,-4.79,8.69,0,12.8
5220,MEM,SA,SF,13.815,10,0,2.355,3.73,0,16
5282,MEM,SA,SG,13.355,10,0,17.85,-1.105,0,20.2
5708,MEM,SA,SG,4.04,10,0,-2.715,-2.325,0,16
3380,SA,MEM,SG,17.14,10,0,-1.025,-0.415,1,0.2
3513,SA,MEM,C,25.66,17,0,7.3,-1.16,1,30.7
3527,SA,MEM,PG,17.595,10,0,-8.855,0.46,1,23.2
3956,SA,MEM,PF,15.6,10,0,-1.575,-0.225,1,2.9
4660,SA,MEM,PG,17.255,12,0,-10.915,0.56,1,19.3
4896,SA,MEM,SF,42.19,50,1,7.27,2.14,1,59.9
5256,SA,MEM,C,13.95,10,0,-10.77,0.82,1,9.1
5341,SA,MEM,SF,12.07,10,0,-0.83,-2.84,1,6.8
5526,SA,MEM,SG,16.5,10,0,-3.305,-13.195,1,15.4
3954,WAS,BOS,C,10.99,10,0,0,0,0,13.6
3983,WAS,BOS,C,29.53,22,0,0,0,0,23.4
4298,WAS,BOS,PF,6.445,10,0,0,0,0,4.7
4615,WAS,BOS,PG,10.665,10,0,0,0,0,1.2
4716,WAS,BOS,PG,52.465,51,1,0,0,0,42.4
4894,WAS,BOS,PF,23.845,21,0,0,0,0,34.2
4913,WAS,BOS,SG,21.78,11,0,0,0,0,7.8
5009,WAS,BOS,SG,39.14,34,0,0,0,0,45.6
5154,WAS,BOS,SF,30.815,25,0,0,0,0,15.4
5475,WAS,BOS,SF,6.46,11,0,0,0,0,1.4
3982,BOS,WAS,PF,5.905,10,0,0,0,1,7.6
4245,BOS,WAS,C,36.36,29,0,0,0,1,32.7
4750,BOS,WAS,SG,29.74,23,0,0,0,1,39.6
4942,BOS,WAS,PG,46.465,45,1,0,0,1,38.6
5068,BOS,WAS,PF,28.37,23,0,0,0,1,30.9
5164,BOS,WAS,C,17.035,11,0,0,0,1,16.6
5317,BOS,WAS,SG,25.935,16,0,0,0,1,13
5476,BOS,WAS,PG,10.935,10,0,0,0,1,1.5
5602,BOS,WAS,SF,8.43,10,0,0,0,1,3.9
3380,SA,HOU,SG,20.945,13,0,0,0,0,24.2
3513,SA,HOU,C,23.47,17,0,0,0,0,11.9
3956,SA,HOU,PF,10.6,10,0,0,0,0,8.9
4130,SA,HOU,PF,37.05,29,0,0,0,0,43.4
4651,SA,HOU,SG,22.365,10,0,0,0,0,15.4
4660,SA,HOU,PG,28.78,15,0,0,0,0,14.9
5341,SA,HOU,SF,5.61,10,0,0,0,0,13.8
5526,SA,HOU,SF,17.635,11,0,0,0,0,15.9
